fold,roc_auc,accuracy,f1_macro
1,0.9954225864074444,0.9470355731225296,0.9030619189062141
2,0.995694778950415,0.9644268774703557,0.9330505992809335
3,0.9906288494222941,0.9564873417721519,0.9181608318588863
4,0.9976039376504036,0.9715189873417721,0.9449645143031306
5,0.9952156715991247,0.9604430379746836,0.9260517731193515
