fold,roc_auc,accuracy,f1_macro
1,0.8908534812229977,0.7430830039525692,0.6716581810921434
2,0.8913306389092752,0.7383399209486166,0.666224518346631
3,0.9060494077412045,0.7642405063291139,0.6908064092461255
4,0.886158451967006,0.7579113924050633,0.6831457360530844
5,0.9057167656796554,0.7531645569620253,0.6813692538393918
